Antecedente;Consequente;Suporte;Confian√ßa
[6];[1];5;55.6%
[1];[6];5;100.0%
[4];[2];3;100.0%
[2];[4];3;50.0%
[5];[2];3;100.0%
[2];[5];3;50.0%
[8];[2];4;80.0%
[2];[8];4;66.7%
[12];[2];3;30.0%
[2];[12];3;50.0%
[17];[2];4;80.0%
[2];[17];4;66.7%
[12];[6];7;70.0%
[6];[12];7;77.8%
[13];[6];7;77.8%
[6];[13];7;77.8%
[16];[6];4;80.0%
[6];[16];4;44.4%
[18];[6];4;80.0%
[6];[18];4;44.4%
[12];[7];3;30.0%
[7];[12];3;75.0%
[11];[8];2;66.7%
[8];[11];2;40.0%
[13];[8];3;33.3%
[8];[13];3;60.0%
[12];[9];6;60.0%
[9];[12];6;100.0%
[14];[12];3;100.0%
[12];[14];3;30.0%
[16];[12];4;80.0%
[12];[16];4;40.0%
[17];[12];3;60.0%
[12];[17];3;30.0%
[17];[13];2;40.0%
[13];[17];2;22.2%
[18];[13];4;80.0%
[13];[18];4;44.4%
[6, 7];[1];3;100.0%
[1, 7];[6];3;100.0%
[6, 1];[7];3;60.0%
[7];[1, 6];3;75.0%
[6];[1, 7];3;33.3%
[1];[6, 7];3;60.0%
[12, 6];[1];3;42.9%
[12, 1];[6];3;100.0%
[6, 1];[12];3;60.0%
[12];[1, 6];3;30.0%
[6];[1, 12];3;33.3%
[1];[6, 12];3;60.0%
[6, 13];[1];4;57.1%
[13, 1];[6];4;100.0%
[6, 1];[13];4;80.0%
[13];[1, 6];4;44.4%
[6];[1, 13];4;44.4%
[1];[6, 13];4;80.0%
[6, 18];[1];3;75.0%
[1, 18];[6];3;100.0%
[6, 1];[18];3;60.0%
[18];[1, 6];3;60.0%
[6];[1, 18];3;33.3%
[1];[6, 18];3;60.0%
[12, 4];[2];2;100.0%
[12, 2];[4];2;66.7%
[2, 4];[12];2;66.7%
[12];[2, 4];2;20.0%
[4];[2, 12];2;66.7%
[2];[4, 12];2;33.3%
[17, 4];[2];2;100.0%
[2, 17];[4];2;50.0%
[2, 4];[17];2;66.7%
[17];[2, 4];2;40.0%
[4];[2, 17];2;66.7%
[2];[4, 17];2;33.3%
[17, 5];[2];2;100.0%
[2, 17];[5];2;50.0%
[2, 5];[17];2;66.7%
[17];[2, 5];2;40.0%
[5];[2, 17];2;66.7%
[2];[5, 17];2;33.3%
[8, 17];[2];2;100.0%
[2, 17];[8];2;50.0%
[2, 8];[17];2;50.0%
[17];[2, 8];2;40.0%
[8];[2, 17];2;40.0%
[2];[8, 17];2;33.3%
[12, 9];[6];5;83.3%
[12, 6];[9];5;71.4%
[6, 9];[12];5;100.0%
[12];[6, 9];5;50.0%
[9];[6, 12];5;83.3%
[6];[9, 12];5;55.6%
[12, 13];[6];5;100.0%
[6, 13];[12];5;71.4%
[12, 6];[13];5;71.4%
[13];[6, 12];5;55.6%
[12];[6, 13];5;50.0%
[6];[12, 13];5;55.6%
[12, 18];[6];3;100.0%
[6, 18];[12];3;75.0%
[12, 6];[18];3;42.9%
[18];[6, 12];3;60.0%
[12];[6, 18];3;30.0%
[6];[12, 18];3;33.3%
[13, 16];[6];3;100.0%
[6, 16];[13];3;75.0%
[6, 13];[16];3;42.9%
[16];[6, 13];3;60.0%
[13];[6, 16];3;33.3%
[6];[13, 16];3;33.3%
[13, 18];[6];3;75.0%
[6, 18];[13];3;75.0%
[6, 13];[18];3;42.9%
[18];[6, 13];3;60.0%
[13];[6, 18];3;33.3%
[6];[13, 18];3;33.3%
[12, 14];[7];2;66.7%
[7, 14];[12];2;100.0%
[12, 7];[14];2;66.7%
[14];[7, 12];2;66.7%
[12];[7, 14];2;20.0%
[7];[12, 14];2;50.0%
[13, 18];[8];2;50.0%
[8, 18];[13];2;100.0%
[13, 8];[18];2;66.7%
[18];[8, 13];2;40.0%
[13];[8, 18];2;22.2%
[8];[13, 18];2;40.0%
[12, 17];[9];2;66.7%
[9, 17];[12];2;100.0%
[12, 9];[17];2;33.3%
[17];[9, 12];2;40.0%
[12];[9, 17];2;20.0%
[9];[12, 17];2;33.3%
[16, 15];[12];2;100.0%
[12, 16];[15];2;50.0%
[12, 15];[16];2;100.0%
[16];[12, 15];2;40.0%
[15];[12, 16];2;66.7%
[12];[15, 16];2;20.0%
[6, 13, 7];[1];2;100.0%
[13, 1, 7];[6];2;100.0%
[6, 13, 1];[7];2;50.0%
[6, 1, 7];[13];2;66.7%
[13, 7];[1, 6];2;100.0%
[6, 13];[1, 7];2;28.6%
[6, 7];[1, 13];2;66.7%
[13, 1];[6, 7];2;50.0%
[1, 7];[6, 13];2;66.7%
[6, 1];[7, 13];2;40.0%
[13];[1, 6, 7];2;22.2%
[7];[1, 6, 13];2;50.0%
[6];[1, 7, 13];2;22.2%
[1];[6, 7, 13];2;40.0%
[6, 13, 11];[1];2;100.0%
[13, 1, 11];[6];2;100.0%
[6, 13, 1];[11];2;50.0%
[6, 1, 11];[13];2;100.0%
[13, 11];[1, 6];2;100.0%
[6, 13];[1, 11];2;28.6%
[6, 11];[1, 13];2;100.0%
[13, 1];[6, 11];2;50.0%
[1, 11];[6, 13];2;100.0%
[6, 1];[11, 13];2;40.0%
[13];[1, 6, 11];2;22.2%
[11];[1, 6, 13];2;66.7%
[6];[1, 11, 13];2;22.2%
[1];[6, 11, 13];2;40.0%
[12, 6, 13];[1];2;40.0%
[12, 13, 1];[6];2;100.0%
[6, 13, 1];[12];2;50.0%
[12, 6, 1];[13];2;66.7%
[12, 13];[1, 6];2;40.0%
[6, 13];[1, 12];2;28.6%
[12, 6];[1, 13];2;28.6%
[13, 1];[6, 12];2;50.0%
[12, 1];[6, 13];2;66.7%
[6, 1];[12, 13];2;40.0%
[13];[1, 6, 12];2;22.2%
[12];[1, 6, 13];2;20.0%
[6];[1, 12, 13];2;22.2%
[1];[6, 12, 13];2;40.0%
[6, 13, 16];[1];2;66.7%
[13, 1, 16];[6];2;100.0%
[6, 1, 16];[13];2;100.0%
[6, 13, 1];[16];2;50.0%
[13, 16];[1, 6];2;66.7%
[6, 16];[1, 13];2;50.0%
[6, 13];[1, 16];2;28.6%
[1, 16];[6, 13];2;100.0%
[13, 1];[6, 16];2;50.0%
[6, 1];[13, 16];2;40.0%
[16];[1, 6, 13];2;40.0%
[13];[1, 6, 16];2;22.2%
[6];[1, 13, 16];2;22.2%
[1];[6, 13, 16];2;40.0%
[6, 13, 18];[1];2;66.7%
[13, 1, 18];[6];2;100.0%
[6, 1, 18];[13];2;66.7%
[6, 13, 1];[18];2;50.0%
[13, 18];[1, 6];2;50.0%
[6, 18];[1, 13];2;50.0%
[6, 13];[1, 18];2;28.6%
[1, 18];[6, 13];2;66.7%
[13, 1];[6, 18];2;50.0%
[6, 1];[13, 18];2;40.0%
[18];[1, 6, 13];2;40.0%
[13];[1, 6, 18];2;22.2%
[6];[1, 13, 18];2;22.2%
[1];[6, 13, 18];2;40.0%
[8, 4, 15];[2];2;100.0%
[2, 8, 15];[4];2;100.0%
[2, 4, 15];[8];2;100.0%
[2, 8, 4];[15];2;100.0%
[8, 15];[2, 4];2;100.0%
[4, 15];[2, 8];2;100.0%
[8, 4];[2, 15];2;100.0%
[2, 15];[4, 8];2;100.0%
[2, 8];[4, 15];2;50.0%
[2, 4];[8, 15];2;66.7%
[15];[2, 4, 8];2;66.7%
[8];[2, 4, 15];2;40.0%
[4];[2, 8, 15];2;66.7%
[2];[4, 8, 15];2;33.3%
[12, 17, 14];[2];2;100.0%
[2, 17, 14];[12];2;100.0%
[12, 2, 17];[14];2;100.0%
[12, 2, 14];[17];2;100.0%
[17, 14];[2, 12];2;100.0%
[12, 17];[2, 14];2;66.7%
[12, 14];[2, 17];2;66.7%
[2, 17];[12, 14];2;50.0%
[2, 14];[12, 17];2;100.0%
[12, 2];[14, 17];2;66.7%
[17];[2, 12, 14];2;40.0%
[14];[2, 12, 17];2;66.7%
[12];[2, 14, 17];2;20.0%
[2];[12, 14, 17];2;33.3%
[12, 6, 9];[3];4;80.0%
[12, 9, 3];[6];4;100.0%
[12, 6, 3];[9];4;100.0%
[6, 9, 3];[12];4;100.0%
[12, 9];[3, 6];4;66.7%
[12, 6];[3, 9];4;57.1%
[6, 9];[3, 12];4;80.0%
[12, 3];[6, 9];4;100.0%
[9, 3];[6, 12];4;100.0%
[6, 3];[9, 12];4;100.0%
[12];[3, 6, 9];4;40.0%
[9];[3, 6, 12];4;66.7%
[6];[3, 9, 12];4;44.4%
[3];[6, 9, 12];4;100.0%
[12, 13, 9];[6];4;100.0%
[12, 6, 13];[9];4;80.0%
[6, 13, 9];[12];4;100.0%
[12, 6, 9];[13];4;80.0%
[12, 13];[6, 9];4;80.0%
[13, 9];[6, 12];4;100.0%
[12, 9];[6, 13];4;66.7%
[6, 13];[9, 12];4;57.1%
[12, 6];[9, 13];4;57.1%
[6, 9];[12, 13];4;80.0%
[13];[6, 9, 12];4;44.4%
[12];[6, 9, 13];4;40.0%
[9];[6, 12, 13];4;66.7%
[6];[9, 12, 13];4;44.4%
[12, 9, 16];[6];3;100.0%
[12, 6, 16];[9];3;100.0%
[6, 9, 16];[12];3;100.0%
[12, 6, 9];[16];3;60.0%
[12, 16];[6, 9];3;75.0%
[9, 16];[6, 12];3;100.0%
[12, 9];[6, 16];3;50.0%
[6, 16];[9, 12];3;75.0%
[12, 6];[9, 16];3;42.9%
[6, 9];[12, 16];3;60.0%
[16];[6, 9, 12];3;60.0%
[12];[6, 9, 16];3;30.0%
[9];[6, 12, 16];3;50.0%
[6];[9, 12, 16];3;33.3%
[12, 13, 18];[6];2;100.0%
[6, 13, 18];[12];2;66.7%
[12, 6, 18];[13];2;66.7%
[12, 6, 13];[18];2;40.0%
[13, 18];[6, 12];2;50.0%
[12, 18];[6, 13];2;66.7%
[12, 13];[6, 18];2;40.0%
[6, 18];[12, 13];2;50.0%
[6, 13];[12, 18];2;28.6%
[12, 6];[13, 18];2;28.6%
[18];[6, 12, 13];2;40.0%
[13];[6, 12, 18];2;22.2%
[12];[6, 13, 18];2;20.0%
[6];[12, 13, 18];2;22.2%
[12, 6, 18, 7];[1];2;100.0%
[12, 1, 18, 7];[6];2;100.0%
[12, 6, 1, 18];[7];2;100.0%
[6, 1, 18, 7];[12];2;100.0%
[12, 6, 1, 7];[18];2;100.0%
[12, 18, 7];[1, 6];2;100.0%
[12, 6, 18];[1, 7];2;66.7%
[6, 18, 7];[1, 12];2;100.0%
[12, 6, 7];[1, 18];2;100.0%
[12, 1, 18];[6, 7];2;100.0%
[1, 18, 7];[6, 12];2;100.0%
[12, 1, 7];[6, 18];2;100.0%
[6, 1, 18];[7, 12];2;66.7%
[12, 6, 1];[7, 18];2;66.7%
[6, 1, 7];[12, 18];2;66.7%
[12, 18];[1, 6, 7];2;66.7%
[18, 7];[1, 6, 12];2;100.0%
[12, 7];[1, 6, 18];2;66.7%
[6, 18];[1, 7, 12];2;50.0%
[12, 6];[1, 7, 18];2;28.6%
[6, 7];[1, 12, 18];2;66.7%
[1, 18];[6, 7, 12];2;66.7%
[12, 1];[6, 7, 18];2;66.7%
[1, 7];[6, 12, 18];2;66.7%
[6, 1];[7, 12, 18];2;40.0%
[18];[1, 6, 7, 12];2;40.0%
[12];[1, 6, 7, 18];2;20.0%
[7];[1, 6, 12, 18];2;50.0%
[6];[1, 7, 12, 18];2;22.2%
[1];[6, 7, 12, 18];2;40.0%
[13, 8, 5, 10];[2];2;100.0%
[13, 2, 8, 10];[5];2;100.0%
[13, 2, 5, 10];[8];2;100.0%
[13, 2, 8, 5];[10];2;100.0%
[2, 8, 5, 10];[13];2;100.0%
[13, 8, 10];[2, 5];2;100.0%
[13, 5, 10];[2, 8];2;100.0%
[13, 8, 5];[2, 10];2;100.0%
[8, 5, 10];[2, 13];2;100.0%
[13, 2, 10];[5, 8];2;100.0%
[13, 2, 8];[5, 10];2;100.0%
[2, 8, 10];[5, 13];2;100.0%
[13, 2, 5];[8, 10];2;100.0%
[2, 5, 10];[8, 13];2;100.0%
[2, 8, 5];[10, 13];2;100.0%
[13, 10];[2, 5, 8];2;100.0%
[13, 8];[2, 5, 10];2;66.7%
[8, 10];[2, 5, 13];2;100.0%
[13, 5];[2, 8, 10];2;100.0%
[5, 10];[2, 8, 13];2;100.0%
[8, 5];[2, 10, 13];2;100.0%
[13, 2];[5, 8, 10];2;100.0%
[2, 10];[5, 8, 13];2;100.0%
[2, 8];[5, 10, 13];2;50.0%
[2, 5];[8, 10, 13];2;66.7%
[13];[2, 5, 8, 10];2;22.2%
[10];[2, 5, 8, 13];2;100.0%
[8];[2, 5, 10, 13];2;40.0%
[5];[2, 8, 10, 13];2;66.7%
[2];[5, 8, 10, 13];2;33.3%
[12, 6, 13, 9];[3];3;75.0%
[12, 13, 9, 3];[6];3;100.0%
[12, 6, 13, 3];[9];3;100.0%
[6, 13, 9, 3];[12];3;100.0%
[12, 6, 9, 3];[13];3;75.0%
[12, 13, 9];[3, 6];3;75.0%
[12, 6, 13];[3, 9];3;60.0%
[6, 13, 9];[3, 12];3;75.0%
[12, 6, 9];[3, 13];3;60.0%
[12, 13, 3];[6, 9];3;100.0%
[13, 9, 3];[6, 12];3;100.0%
[12, 9, 3];[6, 13];3;75.0%
[6, 13, 3];[9, 12];3;100.0%
[12, 6, 3];[9, 13];3;75.0%
[6, 9, 3];[12, 13];3;75.0%
[12, 13];[3, 6, 9];3;60.0%
[13, 9];[3, 6, 12];3;75.0%
[12, 9];[3, 6, 13];3;50.0%
[6, 13];[3, 9, 12];3;42.9%
[12, 6];[3, 9, 13];3;42.9%
[6, 9];[3, 12, 13];3;60.0%
[13, 3];[6, 9, 12];3;100.0%
[12, 3];[6, 9, 13];3;75.0%
[9, 3];[6, 12, 13];3;75.0%
[6, 3];[9, 12, 13];3;75.0%
[13];[3, 6, 9, 12];3;33.3%
[12];[3, 6, 9, 13];3;30.0%
[9];[3, 6, 12, 13];3;50.0%
[6];[3, 9, 12, 13];3;33.3%
[3];[6, 9, 12, 13];3;75.0%
[12, 6, 9, 16];[3];2;66.7%
[12, 9, 16, 3];[6];2;100.0%
[12, 6, 16, 3];[9];2;100.0%
[6, 9, 16, 3];[12];2;100.0%
[12, 6, 9, 3];[16];2;50.0%
[12, 9, 16];[3, 6];2;66.7%
[12, 6, 16];[3, 9];2;66.7%
[6, 9, 16];[3, 12];2;66.7%
[12, 6, 9];[3, 16];2;40.0%
[12, 16, 3];[6, 9];2;100.0%
[9, 16, 3];[6, 12];2;100.0%
[12, 9, 3];[6, 16];2;50.0%
[6, 16, 3];[9, 12];2;100.0%
[12, 6, 3];[9, 16];2;50.0%
[6, 9, 3];[12, 16];2;50.0%
[12, 16];[3, 6, 9];2;50.0%
[9, 16];[3, 6, 12];2;66.7%
[12, 9];[3, 6, 16];2;33.3%
[6, 16];[3, 9, 12];2;50.0%
[12, 6];[3, 9, 16];2;28.6%
[6, 9];[3, 12, 16];2;40.0%
[16, 3];[6, 9, 12];2;100.0%
[12, 3];[6, 9, 16];2;50.0%
[9, 3];[6, 12, 16];2;50.0%
[6, 3];[9, 12, 16];2;50.0%
[16];[3, 6, 9, 12];2;40.0%
[12];[3, 6, 9, 16];2;20.0%
[9];[3, 6, 12, 16];2;33.3%
[6];[3, 9, 12, 16];2;22.2%
[3];[6, 9, 12, 16];2;50.0%
[12, 13, 9, 16];[6];2;100.0%
[12, 6, 13, 16];[9];2;100.0%
[6, 13, 9, 16];[12];2;100.0%
[12, 6, 9, 16];[13];2;66.7%
[12, 6, 13, 9];[16];2;50.0%
[12, 13, 16];[6, 9];2;100.0%
[13, 9, 16];[6, 12];2;100.0%
[12, 9, 16];[6, 13];2;66.7%
[12, 13, 9];[6, 16];2;50.0%
[6, 13, 16];[9, 12];2;66.7%
[12, 6, 16];[9, 13];2;66.7%
[12, 6, 13];[9, 16];2;40.0%
[6, 9, 16];[12, 13];2;66.7%
[6, 13, 9];[12, 16];2;50.0%
[12, 6, 9];[13, 16];2;40.0%
[13, 16];[6, 9, 12];2;66.7%
[12, 16];[6, 9, 13];2;50.0%
[12, 13];[6, 9, 16];2;40.0%
[9, 16];[6, 12, 13];2;66.7%
[13, 9];[6, 12, 16];2;50.0%
[12, 9];[6, 13, 16];2;33.3%
[6, 16];[9, 12, 13];2;50.0%
[6, 13];[9, 12, 16];2;28.6%
[12, 6];[9, 13, 16];2;28.6%
[6, 9];[12, 13, 16];2;40.0%
[16];[6, 9, 12, 13];2;40.0%
[13];[6, 9, 12, 16];2;22.2%
[12];[6, 9, 13, 16];2;20.0%
[9];[6, 12, 13, 16];2;33.3%
[6];[9, 12, 13, 16];2;22.2%
[6, 13, 16, 7, 11];[1];1;100.0%
[13, 1, 16, 7, 11];[6];1;100.0%
[6, 13, 1, 16, 11];[7];1;100.0%
[6, 13, 1, 16, 7];[11];1;100.0%
[6, 1, 16, 7, 11];[13];1;100.0%
[6, 13, 1, 7, 11];[16];1;100.0%
[13, 16, 7, 11];[1, 6];1;100.0%
[6, 13, 16, 11];[1, 7];1;100.0%
[6, 13, 16, 7];[1, 11];1;100.0%
[6, 16, 7, 11];[1, 13];1;100.0%
[6, 13, 7, 11];[1, 16];1;100.0%
[13, 1, 16, 11];[6, 7];1;100.0%
[13, 1, 16, 7];[6, 11];1;100.0%
[1, 16, 7, 11];[6, 13];1;100.0%
[13, 1, 7, 11];[6, 16];1;100.0%
[6, 13, 1, 16];[7, 11];1;50.0%
[6, 1, 16, 11];[7, 13];1;100.0%
[6, 13, 1, 11];[7, 16];1;50.0%
[6, 1, 16, 7];[11, 13];1;100.0%
[6, 13, 1, 7];[11, 16];1;50.0%
[6, 1, 7, 11];[13, 16];1;100.0%
[13, 16, 11];[1, 6, 7];1;100.0%
[13, 16, 7];[1, 6, 11];1;100.0%
[16, 7, 11];[1, 6, 13];1;100.0%
[13, 7, 11];[1, 6, 16];1;100.0%
[6, 13, 16];[1, 7, 11];1;33.3%
[6, 16, 11];[1, 7, 13];1;100.0%
[6, 13, 11];[1, 7, 16];1;50.0%
[6, 16, 7];[1, 11, 13];1;100.0%
[6, 13, 7];[1, 11, 16];1;50.0%
[6, 7, 11];[1, 13, 16];1;100.0%
[13, 1, 16];[6, 7, 11];1;50.0%
[1, 16, 11];[6, 7, 13];1;100.0%
[13, 1, 11];[6, 7, 16];1;50.0%
[1, 16, 7];[6, 11, 13];1;100.0%
[13, 1, 7];[6, 11, 16];1;50.0%
[1, 7, 11];[6, 13, 16];1;100.0%
[6, 1, 16];[7, 11, 13];1;50.0%
[6, 13, 1];[7, 11, 16];1;25.0%
[6, 1, 11];[7, 13, 16];1;50.0%
[6, 1, 7];[11, 13, 16];1;33.3%
[13, 16];[1, 6, 7, 11];1;33.3%
[16, 11];[1, 6, 7, 13];1;100.0%
[13, 11];[1, 6, 7, 16];1;50.0%
[16, 7];[1, 6, 11, 13];1;100.0%
[13, 7];[1, 6, 11, 16];1;50.0%
[7, 11];[1, 6, 13, 16];1;100.0%
[6, 16];[1, 7, 11, 13];1;25.0%
[6, 13];[1, 7, 11, 16];1;14.3%
[6, 11];[1, 7, 13, 16];1;50.0%
[6, 7];[1, 11, 13, 16];1;33.3%
[1, 16];[6, 7, 11, 13];1;50.0%
[13, 1];[6, 7, 11, 16];1;25.0%
[1, 11];[6, 7, 13, 16];1;50.0%
[1, 7];[6, 11, 13, 16];1;33.3%
[6, 1];[7, 11, 13, 16];1;20.0%
[16];[1, 6, 7, 11, 13];1;20.0%
[13];[1, 6, 7, 11, 16];1;11.1%
[11];[1, 6, 7, 13, 16];1;33.3%
[7];[1, 6, 11, 13, 16];1;25.0%
[6];[1, 7, 11, 13, 16];1;11.1%
[1];[6, 7, 11, 13, 16];1;20.0%
[12, 6, 13, 18, 7];[1];1;100.0%
[12, 13, 1, 18, 7];[6];1;100.0%
[12, 6, 13, 1, 18];[7];1;100.0%
[6, 13, 1, 18, 7];[12];1;100.0%
[12, 6, 1, 18, 7];[13];1;50.0%
[12, 6, 13, 1, 7];[18];1;100.0%
[12, 13, 18, 7];[1, 6];1;100.0%
[12, 6, 13, 18];[1, 7];1;50.0%
[6, 13, 18, 7];[1, 12];1;100.0%
[12, 6, 18, 7];[1, 13];1;50.0%
[12, 6, 13, 7];[1, 18];1;100.0%
[12, 13, 1, 18];[6, 7];1;100.0%
[13, 1, 18, 7];[6, 12];1;100.0%
[12, 1, 18, 7];[6, 13];1;50.0%
[12, 13, 1, 7];[6, 18];1;100.0%
[6, 13, 1, 18];[7, 12];1;50.0%
[12, 6, 1, 18];[7, 13];1;50.0%
[12, 6, 13, 1];[7, 18];1;50.0%
[6, 1, 18, 7];[12, 13];1;50.0%
[6, 13, 1, 7];[12, 18];1;50.0%
[12, 6, 1, 7];[13, 18];1;50.0%
[12, 13, 18];[1, 6, 7];1;50.0%
[13, 18, 7];[1, 6, 12];1;100.0%
[12, 18, 7];[1, 6, 13];1;50.0%
[12, 13, 7];[1, 6, 18];1;100.0%
[6, 13, 18];[1, 7, 12];1;33.3%
[12, 6, 18];[1, 7, 13];1;33.3%
[12, 6, 13];[1, 7, 18];1;20.0%
[6, 18, 7];[1, 12, 13];1;50.0%
[6, 13, 7];[1, 12, 18];1;50.0%
[12, 6, 7];[1, 13, 18];1;50.0%
[13, 1, 18];[6, 7, 12];1;50.0%
[12, 1, 18];[6, 7, 13];1;50.0%
[12, 13, 1];[6, 7, 18];1;50.0%
[1, 18, 7];[6, 12, 13];1;50.0%
[13, 1, 7];[6, 12, 18];1;50.0%
[12, 1, 7];[6, 13, 18];1;50.0%
[6, 1, 18];[7, 12, 13];1;33.3%
[6, 13, 1];[7, 12, 18];1;25.0%
[12, 6, 1];[7, 13, 18];1;33.3%
[6, 1, 7];[12, 13, 18];1;33.3%
[13, 18];[1, 6, 7, 12];1;25.0%
[12, 18];[1, 6, 7, 13];1;33.3%
[12, 13];[1, 6, 7, 18];1;20.0%
[18, 7];[1, 6, 12, 13];1;50.0%
[13, 7];[1, 6, 12, 18];1;50.0%
[12, 7];[1, 6, 13, 18];1;33.3%
[6, 18];[1, 7, 12, 13];1;25.0%
[6, 13];[1, 7, 12, 18];1;14.3%
[12, 6];[1, 7, 13, 18];1;14.3%
[6, 7];[1, 12, 13, 18];1;33.3%
[1, 18];[6, 7, 12, 13];1;33.3%
[13, 1];[6, 7, 12, 18];1;25.0%
[12, 1];[6, 7, 13, 18];1;33.3%
[1, 7];[6, 12, 13, 18];1;33.3%
[6, 1];[7, 12, 13, 18];1;20.0%
[18];[1, 6, 7, 12, 13];1;20.0%
[13];[1, 6, 7, 12, 18];1;11.1%
[12];[1, 6, 7, 13, 18];1;10.0%
[7];[1, 6, 12, 13, 18];1;25.0%
[6];[1, 7, 12, 13, 18];1;11.1%
[1];[6, 7, 12, 13, 18];1;20.0%
[12, 6, 18, 7, 14];[1];1;100.0%
[12, 1, 18, 7, 14];[6];1;100.0%
[12, 6, 1, 18, 14];[7];1;100.0%
[6, 1, 18, 7, 14];[12];1;100.0%
[12, 6, 1, 18, 7];[14];1;50.0%
[12, 6, 1, 7, 14];[18];1;100.0%
[12, 18, 7, 14];[1, 6];1;100.0%
[12, 6, 18, 14];[1, 7];1;100.0%
[6, 18, 7, 14];[1, 12];1;100.0%
[12, 6, 18, 7];[1, 14];1;50.0%
[12, 6, 7, 14];[1, 18];1;100.0%
[12, 1, 18, 14];[6, 7];1;100.0%
[1, 18, 7, 14];[6, 12];1;100.0%
[12, 1, 18, 7];[6, 14];1;50.0%
[12, 1, 7, 14];[6, 18];1;100.0%
[6, 1, 18, 14];[7, 12];1;100.0%
[12, 6, 1, 18];[7, 14];1;50.0%
[12, 6, 1, 14];[7, 18];1;100.0%
[6, 1, 18, 7];[12, 14];1;50.0%
[6, 1, 7, 14];[12, 18];1;100.0%
[12, 6, 1, 7];[14, 18];1;50.0%
[12, 18, 14];[1, 6, 7];1;100.0%
[18, 7, 14];[1, 6, 12];1;100.0%
[12, 18, 7];[1, 6, 14];1;50.0%
[12, 7, 14];[1, 6, 18];1;50.0%
[6, 18, 14];[1, 7, 12];1;100.0%
[12, 6, 18];[1, 7, 14];1;33.3%
[12, 6, 14];[1, 7, 18];1;100.0%
[6, 18, 7];[1, 12, 14];1;50.0%
[6, 7, 14];[1, 12, 18];1;100.0%
[12, 6, 7];[1, 14, 18];1;50.0%
[1, 18, 14];[6, 7, 12];1;100.0%
[12, 1, 18];[6, 7, 14];1;50.0%
[12, 1, 14];[6, 7, 18];1;100.0%
[1, 18, 7];[6, 12, 14];1;50.0%
[1, 7, 14];[6, 12, 18];1;100.0%
[12, 1, 7];[6, 14, 18];1;50.0%
[6, 1, 18];[7, 12, 14];1;33.3%
[6, 1, 14];[7, 12, 18];1;100.0%
[12, 6, 1];[7, 14, 18];1;33.3%
[6, 1, 7];[12, 14, 18];1;33.3%
[18, 14];[1, 6, 7, 12];1;100.0%
[12, 18];[1, 6, 7, 14];1;33.3%
[12, 14];[1, 6, 7, 18];1;33.3%
[18, 7];[1, 6, 12, 14];1;50.0%
[7, 14];[1, 6, 12, 18];1;50.0%
[12, 7];[1, 6, 14, 18];1;33.3%
[6, 18];[1, 7, 12, 14];1;25.0%
[6, 14];[1, 7, 12, 18];1;100.0%
[12, 6];[1, 7, 14, 18];1;14.3%
[6, 7];[1, 12, 14, 18];1;33.3%
[1, 18];[6, 7, 12, 14];1;33.3%
[1, 14];[6, 7, 12, 18];1;100.0%
[12, 1];[6, 7, 14, 18];1;33.3%
[1, 7];[6, 12, 14, 18];1;33.3%
[6, 1];[7, 12, 14, 18];1;20.0%
[18];[1, 6, 7, 12, 14];1;20.0%
[14];[1, 6, 7, 12, 18];1;33.3%
[12];[1, 6, 7, 14, 18];1;10.0%
[7];[1, 6, 12, 14, 18];1;25.0%
[6];[1, 7, 12, 14, 18];1;11.1%
[1];[6, 7, 12, 14, 18];1;20.0%
[6, 13, 8, 18, 11];[1];1;100.0%
[13, 1, 8, 18, 11];[6];1;100.0%
[6, 13, 1, 18, 11];[8];1;100.0%
[6, 13, 1, 8, 18];[11];1;100.0%
[6, 1, 8, 18, 11];[13];1;100.0%
[6, 13, 1, 8, 11];[18];1;100.0%
[13, 8, 18, 11];[1, 6];1;100.0%
[6, 13, 18, 11];[1, 8];1;100.0%
[6, 13, 8, 18];[1, 11];1;100.0%
[6, 8, 18, 11];[1, 13];1;100.0%
[6, 13, 8, 11];[1, 18];1;100.0%
[13, 1, 18, 11];[6, 8];1;100.0%
[13, 1, 8, 18];[6, 11];1;100.0%
[1, 8, 18, 11];[6, 13];1;100.0%
[13, 1, 8, 11];[6, 18];1;100.0%
[6, 13, 1, 18];[8, 11];1;50.0%
[6, 1, 18, 11];[8, 13];1;100.0%
[6, 13, 1, 11];[8, 18];1;50.0%
[6, 1, 8, 18];[11, 13];1;100.0%
[6, 13, 1, 8];[11, 18];1;100.0%
[6, 1, 8, 11];[13, 18];1;100.0%
[13, 18, 11];[1, 6, 8];1;100.0%
[13, 8, 18];[1, 6, 11];1;50.0%
[8, 18, 11];[1, 6, 13];1;100.0%
[13, 8, 11];[1, 6, 18];1;100.0%
[6, 13, 18];[1, 8, 11];1;33.3%
[6, 18, 11];[1, 8, 13];1;100.0%
[6, 13, 11];[1, 8, 18];1;50.0%
[6, 8, 18];[1, 11, 13];1;100.0%
[6, 13, 8];[1, 11, 18];1;100.0%
[6, 8, 11];[1, 13, 18];1;100.0%
[13, 1, 18];[6, 8, 11];1;50.0%
[1, 18, 11];[6, 8, 13];1;100.0%
[13, 1, 11];[6, 8, 18];1;50.0%
[1, 8, 18];[6, 11, 13];1;100.0%
[13, 1, 8];[6, 11, 18];1;100.0%
[1, 8, 11];[6, 13, 18];1;100.0%
[6, 1, 18];[8, 11, 13];1;33.3%
[6, 13, 1];[8, 11, 18];1;25.0%
[6, 1, 11];[8, 13, 18];1;50.0%
[6, 1, 8];[11, 13, 18];1;100.0%
[13, 18];[1, 6, 8, 11];1;25.0%
[18, 11];[1, 6, 8, 13];1;100.0%
[13, 11];[1, 6, 8, 18];1;50.0%
[8, 18];[1, 6, 11, 13];1;50.0%
[13, 8];[1, 6, 11, 18];1;33.3%
[8, 11];[1, 6, 13, 18];1;50.0%
[6, 18];[1, 8, 11, 13];1;25.0%
[6, 13];[1, 8, 11, 18];1;14.3%
[6, 11];[1, 8, 13, 18];1;50.0%
[6, 8];[1, 11, 13, 18];1;100.0%
[1, 18];[6, 8, 11, 13];1;33.3%
[13, 1];[6, 8, 11, 18];1;25.0%
[1, 11];[6, 8, 13, 18];1;50.0%
[1, 8];[6, 11, 13, 18];1;100.0%
[6, 1];[8, 11, 13, 18];1;20.0%
[18];[1, 6, 8, 11, 13];1;20.0%
[13];[1, 6, 8, 11, 18];1;11.1%
[11];[1, 6, 8, 13, 18];1;33.3%
[8];[1, 6, 11, 13, 18];1;20.0%
[6];[1, 8, 11, 13, 18];1;11.1%
[1];[6, 8, 11, 13, 18];1;20.0%
[12, 6, 13, 9, 16];[1];1;50.0%
[12, 13, 9, 1, 16];[6];1;100.0%
[12, 6, 13, 1, 16];[9];1;100.0%
[6, 13, 9, 1, 16];[12];1;100.0%
[12, 6, 9, 1, 16];[13];1;100.0%
[12, 6, 13, 9, 1];[16];1;100.0%
[12, 13, 9, 16];[1, 6];1;50.0%
[12, 6, 13, 16];[1, 9];1;50.0%
[6, 13, 9, 16];[1, 12];1;50.0%
[12, 6, 9, 16];[1, 13];1;33.3%
[12, 6, 13, 9];[1, 16];1;25.0%
[12, 13, 1, 16];[6, 9];1;100.0%
[13, 9, 1, 16];[6, 12];1;100.0%
[12, 9, 1, 16];[6, 13];1;100.0%
[12, 13, 9, 1];[6, 16];1;100.0%
[6, 13, 1, 16];[9, 12];1;50.0%
[12, 6, 1, 16];[9, 13];1;100.0%
[12, 6, 13, 1];[9, 16];1;50.0%
[6, 9, 1, 16];[12, 13];1;100.0%
[6, 13, 9, 1];[12, 16];1;100.0%
[12, 6, 9, 1];[13, 16];1;100.0%
[12, 13, 16];[1, 6, 9];1;50.0%
[13, 9, 16];[1, 6, 12];1;50.0%
[12, 9, 16];[1, 6, 13];1;33.3%
[12, 13, 9];[1, 6, 16];1;25.0%
[6, 13, 16];[1, 9, 12];1;33.3%
[12, 6, 16];[1, 9, 13];1;33.3%
[12, 6, 13];[1, 9, 16];1;20.0%
[6, 9, 16];[1, 12, 13];1;33.3%
[6, 13, 9];[1, 12, 16];1;25.0%
[12, 6, 9];[1, 13, 16];1;20.0%
[13, 1, 16];[6, 9, 12];1;50.0%
[12, 1, 16];[6, 9, 13];1;100.0%
[12, 13, 1];[6, 9, 16];1;50.0%
[9, 1, 16];[6, 12, 13];1;100.0%
[13, 9, 1];[6, 12, 16];1;100.0%
[12, 9, 1];[6, 13, 16];1;100.0%
[6, 1, 16];[9, 12, 13];1;50.0%
[6, 13, 1];[9, 12, 16];1;25.0%
[12, 6, 1];[9, 13, 16];1;33.3%
[6, 9, 1];[12, 13, 16];1;100.0%
[13, 16];[1, 6, 9, 12];1;33.3%
[12, 16];[1, 6, 9, 13];1;25.0%
[12, 13];[1, 6, 9, 16];1;20.0%
[9, 16];[1, 6, 12, 13];1;33.3%
[13, 9];[1, 6, 12, 16];1;25.0%
[12, 9];[1, 6, 13, 16];1;16.7%
[6, 16];[1, 9, 12, 13];1;25.0%
[6, 13];[1, 9, 12, 16];1;14.3%
[12, 6];[1, 9, 13, 16];1;14.3%
[6, 9];[1, 12, 13, 16];1;20.0%
[1, 16];[6, 9, 12, 13];1;50.0%
[13, 1];[6, 9, 12, 16];1;25.0%
[12, 1];[6, 9, 13, 16];1;33.3%
[9, 1];[6, 12, 13, 16];1;100.0%
[6, 1];[9, 12, 13, 16];1;20.0%
[16];[1, 6, 9, 12, 13];1;20.0%
[13];[1, 6, 9, 12, 16];1;11.1%
[12];[1, 6, 9, 13, 16];1;10.0%
[9];[1, 6, 12, 13, 16];1;16.7%
[6];[1, 9, 12, 13, 16];1;11.1%
[1];[6, 9, 12, 13, 16];1;20.0%
[12, 17, 7, 4, 14];[2];1;100.0%
[12, 2, 17, 7, 14];[4];1;100.0%
[12, 2, 17, 4, 14];[7];1;100.0%
[2, 17, 7, 4, 14];[12];1;100.0%
[12, 2, 17, 7, 4];[14];1;100.0%
[12, 2, 7, 4, 14];[17];1;100.0%
[12, 17, 7, 14];[2, 4];1;100.0%
[12, 17, 4, 14];[2, 7];1;100.0%
[17, 7, 4, 14];[2, 12];1;100.0%
[12, 17, 7, 4];[2, 14];1;100.0%
[12, 7, 4, 14];[2, 17];1;100.0%
[12, 2, 17, 14];[4, 7];1;50.0%
[2, 17, 7, 14];[4, 12];1;100.0%
[12, 2, 17, 7];[4, 14];1;100.0%
[12, 2, 7, 14];[4, 17];1;100.0%
[2, 17, 4, 14];[7, 12];1;100.0%
[12, 2, 17, 4];[7, 14];1;100.0%
[12, 2, 4, 14];[7, 17];1;100.0%
[2, 17, 7, 4];[12, 14];1;100.0%
[2, 7, 4, 14];[12, 17];1;100.0%
[12, 2, 7, 4];[14, 17];1;100.0%
[12, 17, 14];[2, 4, 7];1;50.0%
[17, 7, 14];[2, 4, 12];1;100.0%
[12, 17, 7];[2, 4, 14];1;100.0%
[12, 7, 14];[2, 4, 17];1;50.0%
[17, 4, 14];[2, 7, 12];1;100.0%
[12, 17, 4];[2, 7, 14];1;100.0%
[12, 4, 14];[2, 7, 17];1;100.0%
[17, 7, 4];[2, 12, 14];1;100.0%
[7, 4, 14];[2, 12, 17];1;100.0%
[12, 7, 4];[2, 14, 17];1;100.0%
[2, 17, 14];[4, 7, 12];1;50.0%
[12, 2, 17];[4, 7, 14];1;50.0%
[12, 2, 14];[4, 7, 17];1;50.0%
[2, 17, 7];[4, 12, 14];1;100.0%
[2, 7, 14];[4, 12, 17];1;100.0%
[12, 2, 7];[4, 14, 17];1;100.0%
[2, 17, 4];[7, 12, 14];1;50.0%
[2, 4, 14];[7, 12, 17];1;100.0%
[12, 2, 4];[7, 14, 17];1;50.0%
[2, 7, 4];[12, 14, 17];1;100.0%
[17, 14];[2, 4, 7, 12];1;50.0%
[12, 17];[2, 4, 7, 14];1;33.3%
[12, 14];[2, 4, 7, 17];1;33.3%
[17, 7];[2, 4, 12, 14];1;100.0%
[7, 14];[2, 4, 12, 17];1;50.0%
[12, 7];[2, 4, 14, 17];1;33.3%
[17, 4];[2, 7, 12, 14];1;50.0%
[4, 14];[2, 7, 12, 17];1;100.0%
[12, 4];[2, 7, 14, 17];1;50.0%
[7, 4];[2, 12, 14, 17];1;100.0%
[2, 17];[4, 7, 12, 14];1;25.0%
[2, 14];[4, 7, 12, 17];1;50.0%
[12, 2];[4, 7, 14, 17];1;33.3%
[2, 7];[4, 12, 14, 17];1;100.0%
[2, 4];[7, 12, 14, 17];1;33.3%
[17];[2, 4, 7, 12, 14];1;20.0%
[14];[2, 4, 7, 12, 17];1;33.3%
[12];[2, 4, 7, 14, 17];1;10.0%
[7];[2, 4, 12, 14, 17];1;25.0%
[4];[2, 7, 12, 14, 17];1;33.3%
[2];[4, 7, 12, 14, 17];1;16.7%
[8, 17, 4, 11, 15];[2];1;100.0%
[2, 8, 17, 11, 15];[4];1;100.0%
[2, 17, 4, 11, 15];[8];1;100.0%
[2, 8, 17, 4, 15];[11];1;100.0%
[2, 8, 17, 4, 11];[15];1;100.0%
[2, 8, 4, 11, 15];[17];1;100.0%
[8, 17, 11, 15];[2, 4];1;100.0%
[17, 4, 11, 15];[2, 8];1;100.0%
[8, 17, 4, 15];[2, 11];1;100.0%
[8, 17, 4, 11];[2, 15];1;100.0%
[8, 4, 11, 15];[2, 17];1;100.0%
[2, 17, 11, 15];[4, 8];1;100.0%
[2, 8, 17, 15];[4, 11];1;100.0%
[2, 8, 17, 11];[4, 15];1;100.0%
[2, 8, 11, 15];[4, 17];1;100.0%
[2, 17, 4, 15];[8, 11];1;100.0%
[2, 17, 4, 11];[8, 15];1;100.0%
[2, 4, 11, 15];[8, 17];1;100.0%
[2, 8, 17, 4];[11, 15];1;100.0%
[2, 8, 4, 15];[11, 17];1;50.0%
[2, 8, 4, 11];[15, 17];1;100.0%
[17, 11, 15];[2, 4, 8];1;100.0%
[8, 17, 15];[2, 4, 11];1;100.0%
[8, 17, 11];[2, 4, 15];1;100.0%
[8, 11, 15];[2, 4, 17];1;100.0%
[17, 4, 15];[2, 8, 11];1;100.0%
[17, 4, 11];[2, 8, 15];1;100.0%
[4, 11, 15];[2, 8, 17];1;100.0%
[8, 17, 4];[2, 11, 15];1;100.0%
[8, 4, 15];[2, 11, 17];1;50.0%
[8, 4, 11];[2, 15, 17];1;100.0%
[2, 17, 15];[4, 8, 11];1;100.0%
[2, 17, 11];[4, 8, 15];1;100.0%
[2, 11, 15];[4, 8, 17];1;100.0%
[2, 8, 17];[4, 11, 15];1;50.0%
[2, 8, 15];[4, 11, 17];1;50.0%
[2, 8, 11];[4, 15, 17];1;100.0%
[2, 17, 4];[8, 11, 15];1;50.0%
[2, 4, 15];[8, 11, 17];1;50.0%
[2, 4, 11];[8, 15, 17];1;100.0%
[2, 8, 4];[11, 15, 17];1;50.0%
[17, 15];[2, 4, 8, 11];1;100.0%
[17, 11];[2, 4, 8, 15];1;100.0%
[11, 15];[2, 4, 8, 17];1;100.0%
[8, 17];[2, 4, 11, 15];1;50.0%
[8, 15];[2, 4, 11, 17];1;50.0%
[8, 11];[2, 4, 15, 17];1;50.0%
[17, 4];[2, 8, 11, 15];1;50.0%
[4, 15];[2, 8, 11, 17];1;50.0%
[4, 11];[2, 8, 15, 17];1;100.0%
[8, 4];[2, 11, 15, 17];1;50.0%
[2, 17];[4, 8, 11, 15];1;25.0%
[2, 15];[4, 8, 11, 17];1;50.0%
[2, 11];[4, 8, 15, 17];1;100.0%
[2, 8];[4, 11, 15, 17];1;25.0%
[2, 4];[8, 11, 15, 17];1;33.3%
[17];[2, 4, 8, 11, 15];1;20.0%
[15];[2, 4, 8, 11, 17];1;33.3%
[11];[2, 4, 8, 15, 17];1;33.3%
[8];[2, 4, 11, 15, 17];1;20.0%
[4];[2, 8, 11, 15, 17];1;33.3%
[2];[4, 8, 11, 15, 17];1;16.7%
[12, 8, 16, 4, 15];[2];1;100.0%
[12, 2, 8, 16, 15];[4];1;100.0%
[12, 2, 16, 4, 15];[8];1;100.0%
[2, 8, 16, 4, 15];[12];1;100.0%
[12, 2, 8, 16, 4];[15];1;100.0%
[12, 2, 8, 4, 15];[16];1;100.0%
[12, 8, 16, 15];[2, 4];1;100.0%
[12, 16, 4, 15];[2, 8];1;100.0%
[8, 16, 4, 15];[2, 12];1;100.0%
[12, 8, 16, 4];[2, 15];1;100.0%
[12, 8, 4, 15];[2, 16];1;100.0%
[12, 2, 16, 15];[4, 8];1;100.0%
[2, 8, 16, 15];[4, 12];1;100.0%
[12, 2, 8, 16];[4, 15];1;100.0%
[12, 2, 8, 15];[4, 16];1;100.0%
[2, 16, 4, 15];[8, 12];1;100.0%
[12, 2, 16, 4];[8, 15];1;100.0%
[12, 2, 4, 15];[8, 16];1;100.0%
[2, 8, 16, 4];[12, 15];1;100.0%
[2, 8, 4, 15];[12, 16];1;50.0%
[12, 2, 8, 4];[15, 16];1;100.0%
[12, 16, 15];[2, 4, 8];1;50.0%
[8, 16, 15];[2, 4, 12];1;100.0%
[12, 8, 16];[2, 4, 15];1;100.0%
[12, 8, 15];[2, 4, 16];1;100.0%
[16, 4, 15];[2, 8, 12];1;100.0%
[12, 16, 4];[2, 8, 15];1;100.0%
[12, 4, 15];[2, 8, 16];1;100.0%
[8, 16, 4];[2, 12, 15];1;100.0%
[8, 4, 15];[2, 12, 16];1;50.0%
[12, 8, 4];[2, 15, 16];1;100.0%
[2, 16, 15];[4, 8, 12];1;100.0%
[12, 2, 16];[4, 8, 15];1;100.0%
[12, 2, 15];[4, 8, 16];1;100.0%
[2, 8, 16];[4, 12, 15];1;100.0%
[2, 8, 15];[4, 12, 16];1;50.0%
[12, 2, 8];[4, 15, 16];1;100.0%
[2, 16, 4];[8, 12, 15];1;100.0%
[2, 4, 15];[8, 12, 16];1;50.0%
[12, 2, 4];[8, 15, 16];1;50.0%
[2, 8, 4];[12, 15, 16];1;50.0%
[16, 15];[2, 4, 8, 12];1;50.0%
[12, 16];[2, 4, 8, 15];1;25.0%
[12, 15];[2, 4, 8, 16];1;50.0%
[8, 16];[2, 4, 12, 15];1;100.0%
[8, 15];[2, 4, 12, 16];1;50.0%
[12, 8];[2, 4, 15, 16];1;100.0%
[16, 4];[2, 8, 12, 15];1;100.0%
[4, 15];[2, 8, 12, 16];1;50.0%
[12, 4];[2, 8, 15, 16];1;50.0%
[8, 4];[2, 12, 15, 16];1;50.0%
[2, 16];[4, 8, 12, 15];1;100.0%
[2, 15];[4, 8, 12, 16];1;50.0%
[12, 2];[4, 8, 15, 16];1;33.3%
[2, 8];[4, 12, 15, 16];1;25.0%
[2, 4];[8, 12, 15, 16];1;33.3%
[16];[2, 4, 8, 12, 15];1;20.0%
[15];[2, 4, 8, 12, 16];1;33.3%
[12];[2, 4, 8, 15, 16];1;10.0%
[8];[2, 4, 12, 15, 16];1;20.0%
[4];[2, 8, 12, 15, 16];1;33.3%
[2];[4, 8, 12, 15, 16];1;16.7%
[13, 8, 17, 5, 10];[2];1;100.0%
[13, 2, 8, 17, 10];[5];1;100.0%
[13, 2, 17, 5, 10];[8];1;100.0%
[13, 2, 8, 17, 5];[10];1;100.0%
[2, 8, 17, 5, 10];[13];1;100.0%
[13, 2, 8, 5, 10];[17];1;50.0%
[13, 8, 17, 10];[2, 5];1;100.0%
[13, 17, 5, 10];[2, 8];1;100.0%
[13, 8, 17, 5];[2, 10];1;100.0%
[8, 17, 5, 10];[2, 13];1;100.0%
[13, 8, 5, 10];[2, 17];1;50.0%
[13, 2, 17, 10];[5, 8];1;100.0%
[13, 2, 8, 17];[5, 10];1;100.0%
[2, 8, 17, 10];[5, 13];1;100.0%
[13, 2, 8, 10];[5, 17];1;50.0%
[13, 2, 17, 5];[8, 10];1;100.0%
[2, 17, 5, 10];[8, 13];1;100.0%
[13, 2, 5, 10];[8, 17];1;50.0%
[2, 8, 17, 5];[10, 13];1;100.0%
[13, 2, 8, 5];[10, 17];1;50.0%
[2, 8, 5, 10];[13, 17];1;50.0%
[13, 17, 10];[2, 5, 8];1;100.0%
[13, 8, 17];[2, 5, 10];1;100.0%
[8, 17, 10];[2, 5, 13];1;100.0%
[13, 8, 10];[2, 5, 17];1;50.0%
[13, 17, 5];[2, 8, 10];1;100.0%
[17, 5, 10];[2, 8, 13];1;100.0%
[13, 5, 10];[2, 8, 17];1;50.0%
[8, 17, 5];[2, 10, 13];1;100.0%
[13, 8, 5];[2, 10, 17];1;50.0%
[8, 5, 10];[2, 13, 17];1;50.0%
[13, 2, 17];[5, 8, 10];1;100.0%
[2, 17, 10];[5, 8, 13];1;100.0%
[13, 2, 10];[5, 8, 17];1;50.0%
[2, 8, 17];[5, 10, 13];1;50.0%
[13, 2, 8];[5, 10, 17];1;50.0%
[2, 8, 10];[5, 13, 17];1;50.0%
[2, 17, 5];[8, 10, 13];1;50.0%
[13, 2, 5];[8, 10, 17];1;50.0%
[2, 5, 10];[8, 13, 17];1;50.0%
[2, 8, 5];[10, 13, 17];1;50.0%
[13, 17];[2, 5, 8, 10];1;50.0%
[17, 10];[2, 5, 8, 13];1;100.0%
[13, 10];[2, 5, 8, 17];1;50.0%
[8, 17];[2, 5, 10, 13];1;50.0%
[13, 8];[2, 5, 10, 17];1;33.3%
[8, 10];[2, 5, 13, 17];1;50.0%
[17, 5];[2, 8, 10, 13];1;50.0%
[13, 5];[2, 8, 10, 17];1;50.0%
[5, 10];[2, 8, 13, 17];1;50.0%
[8, 5];[2, 10, 13, 17];1;50.0%
[2, 17];[5, 8, 10, 13];1;25.0%
[13, 2];[5, 8, 10, 17];1;50.0%
[2, 10];[5, 8, 13, 17];1;50.0%
[2, 8];[5, 10, 13, 17];1;25.0%
[2, 5];[8, 10, 13, 17];1;33.3%
[17];[2, 5, 8, 10, 13];1;20.0%
[13];[2, 5, 8, 10, 17];1;11.1%
[10];[2, 5, 8, 13, 17];1;50.0%
[8];[2, 5, 10, 13, 17];1;20.0%
[5];[2, 8, 10, 13, 17];1;33.3%
[2];[5, 8, 10, 13, 17];1;16.7%
[13, 8, 18, 5, 10];[2];1;100.0%
[13, 2, 8, 18, 10];[5];1;100.0%
[13, 2, 18, 5, 10];[8];1;100.0%
[13, 2, 8, 18, 5];[10];1;100.0%
[2, 8, 18, 5, 10];[13];1;100.0%
[13, 2, 8, 5, 10];[18];1;50.0%
[13, 8, 18, 10];[2, 5];1;100.0%
[13, 18, 5, 10];[2, 8];1;100.0%
[13, 8, 18, 5];[2, 10];1;100.0%
[8, 18, 5, 10];[2, 13];1;100.0%
[13, 8, 5, 10];[2, 18];1;50.0%
[13, 2, 18, 10];[5, 8];1;100.0%
[13, 2, 8, 18];[5, 10];1;100.0%
[2, 8, 18, 10];[5, 13];1;100.0%
[13, 2, 8, 10];[5, 18];1;50.0%
[13, 2, 18, 5];[8, 10];1;100.0%
[2, 18, 5, 10];[8, 13];1;100.0%
[13, 2, 5, 10];[8, 18];1;50.0%
[2, 8, 18, 5];[10, 13];1;100.0%
[13, 2, 8, 5];[10, 18];1;50.0%
[2, 8, 5, 10];[13, 18];1;50.0%
[13, 18, 10];[2, 5, 8];1;100.0%
[13, 8, 18];[2, 5, 10];1;50.0%
[8, 18, 10];[2, 5, 13];1;100.0%
[13, 8, 10];[2, 5, 18];1;50.0%
[13, 18, 5];[2, 8, 10];1;100.0%
[18, 5, 10];[2, 8, 13];1;100.0%
[13, 5, 10];[2, 8, 18];1;50.0%
[8, 18, 5];[2, 10, 13];1;100.0%
[13, 8, 5];[2, 10, 18];1;50.0%
[8, 5, 10];[2, 13, 18];1;50.0%
[13, 2, 18];[5, 8, 10];1;100.0%
[2, 18, 10];[5, 8, 13];1;100.0%
[13, 2, 10];[5, 8, 18];1;50.0%
[2, 8, 18];[5, 10, 13];1;100.0%
[13, 2, 8];[5, 10, 18];1;50.0%
[2, 8, 10];[5, 13, 18];1;50.0%
[2, 18, 5];[8, 10, 13];1;100.0%
[13, 2, 5];[8, 10, 18];1;50.0%
[2, 5, 10];[8, 13, 18];1;50.0%
[2, 8, 5];[10, 13, 18];1;50.0%
[13, 18];[2, 5, 8, 10];1;25.0%
[18, 10];[2, 5, 8, 13];1;100.0%
[13, 10];[2, 5, 8, 18];1;50.0%
[8, 18];[2, 5, 10, 13];1;50.0%
[13, 8];[2, 5, 10, 18];1;33.3%
[8, 10];[2, 5, 13, 18];1;50.0%
[18, 5];[2, 8, 10, 13];1;100.0%
[13, 5];[2, 8, 10, 18];1;50.0%
[5, 10];[2, 8, 13, 18];1;50.0%
[8, 5];[2, 10, 13, 18];1;50.0%
[2, 18];[5, 8, 10, 13];1;100.0%
[13, 2];[5, 8, 10, 18];1;50.0%
[2, 10];[5, 8, 13, 18];1;50.0%
[2, 8];[5, 10, 13, 18];1;25.0%
[2, 5];[8, 10, 13, 18];1;33.3%
[18];[2, 5, 8, 10, 13];1;20.0%
[13];[2, 5, 8, 10, 18];1;11.1%
[10];[2, 5, 8, 13, 18];1;50.0%
[8];[2, 5, 10, 13, 18];1;20.0%
[5];[2, 8, 10, 13, 18];1;33.3%
[2];[5, 8, 10, 13, 18];1;16.7%
[12, 9, 17, 5, 14];[2];1;100.0%
[12, 2, 9, 17, 14];[5];1;100.0%
[12, 2, 17, 5, 14];[9];1;100.0%
[2, 9, 17, 5, 14];[12];1;100.0%
[12, 2, 9, 17, 5];[14];1;100.0%
[12, 2, 9, 5, 14];[17];1;100.0%
[12, 9, 17, 14];[2, 5];1;100.0%
[12, 17, 5, 14];[2, 9];1;100.0%
[9, 17, 5, 14];[2, 12];1;100.0%
[12, 9, 17, 5];[2, 14];1;100.0%
[12, 9, 5, 14];[2, 17];1;100.0%
[12, 2, 17, 14];[5, 9];1;50.0%
[2, 9, 17, 14];[5, 12];1;100.0%
[12, 2, 9, 17];[5, 14];1;100.0%
[12, 2, 9, 14];[5, 17];1;100.0%
[2, 17, 5, 14];[9, 12];1;100.0%
[12, 2, 17, 5];[9, 14];1;100.0%
[12, 2, 5, 14];[9, 17];1;100.0%
[2, 9, 17, 5];[12, 14];1;100.0%
[2, 9, 5, 14];[12, 17];1;100.0%
[12, 2, 9, 5];[14, 17];1;100.0%
[12, 17, 14];[2, 5, 9];1;50.0%
[9, 17, 14];[2, 5, 12];1;100.0%
[12, 9, 17];[2, 5, 14];1;50.0%
[12, 9, 14];[2, 5, 17];1;100.0%
[17, 5, 14];[2, 9, 12];1;100.0%
[12, 17, 5];[2, 9, 14];1;100.0%
[12, 5, 14];[2, 9, 17];1;100.0%
[9, 17, 5];[2, 12, 14];1;100.0%
[9, 5, 14];[2, 12, 17];1;100.0%
[12, 9, 5];[2, 14, 17];1;100.0%
[2, 17, 14];[5, 9, 12];1;50.0%
[12, 2, 17];[5, 9, 14];1;50.0%
[12, 2, 14];[5, 9, 17];1;50.0%
[2, 9, 17];[5, 12, 14];1;100.0%
[2, 9, 14];[5, 12, 17];1;100.0%
[12, 2, 9];[5, 14, 17];1;100.0%
[2, 17, 5];[9, 12, 14];1;50.0%
[2, 5, 14];[9, 12, 17];1;100.0%
[12, 2, 5];[9, 14, 17];1;100.0%
[2, 9, 5];[12, 14, 17];1;100.0%
[17, 14];[2, 5, 9, 12];1;50.0%
[12, 17];[2, 5, 9, 14];1;33.3%
[12, 14];[2, 5, 9, 17];1;33.3%
[9, 17];[2, 5, 12, 14];1;50.0%
[9, 14];[2, 5, 12, 17];1;100.0%
[12, 9];[2, 5, 14, 17];1;16.7%
[17, 5];[2, 9, 12, 14];1;50.0%
[5, 14];[2, 9, 12, 17];1;100.0%
[12, 5];[2, 9, 14, 17];1;100.0%
[9, 5];[2, 12, 14, 17];1;100.0%
[2, 17];[5, 9, 12, 14];1;25.0%
[2, 14];[5, 9, 12, 17];1;50.0%
[12, 2];[5, 9, 14, 17];1;33.3%
[2, 9];[5, 12, 14, 17];1;100.0%
[2, 5];[9, 12, 14, 17];1;33.3%
[17];[2, 5, 9, 12, 14];1;20.0%
[14];[2, 5, 9, 12, 17];1;33.3%
[12];[2, 5, 9, 14, 17];1;10.0%
[9];[2, 5, 12, 14, 17];1;16.7%
[5];[2, 9, 12, 14, 17];1;33.3%
[2];[5, 9, 12, 14, 17];1;16.7%
[12, 6, 13, 9, 16];[3];1;50.0%
[12, 13, 9, 16, 3];[6];1;100.0%
[12, 6, 13, 16, 3];[9];1;100.0%
[6, 13, 9, 16, 3];[12];1;100.0%
[12, 6, 9, 16, 3];[13];1;50.0%
[12, 6, 13, 9, 3];[16];1;33.3%
[12, 13, 9, 16];[3, 6];1;50.0%
[12, 6, 13, 16];[3, 9];1;50.0%
[6, 13, 9, 16];[3, 12];1;50.0%
[12, 6, 9, 16];[3, 13];1;33.3%
[12, 6, 13, 9];[3, 16];1;25.0%
[12, 13, 16, 3];[6, 9];1;100.0%
[13, 9, 16, 3];[6, 12];1;100.0%
[12, 9, 16, 3];[6, 13];1;50.0%
[12, 13, 9, 3];[6, 16];1;33.3%
[6, 13, 16, 3];[9, 12];1;100.0%
[12, 6, 16, 3];[9, 13];1;50.0%
[12, 6, 13, 3];[9, 16];1;33.3%
[6, 9, 16, 3];[12, 13];1;50.0%
[6, 13, 9, 3];[12, 16];1;33.3%
[12, 6, 9, 3];[13, 16];1;25.0%
[12, 13, 16];[3, 6, 9];1;50.0%
[13, 9, 16];[3, 6, 12];1;50.0%
[12, 9, 16];[3, 6, 13];1;33.3%
[12, 13, 9];[3, 6, 16];1;25.0%
[6, 13, 16];[3, 9, 12];1;33.3%
[12, 6, 16];[3, 9, 13];1;33.3%
[12, 6, 13];[3, 9, 16];1;20.0%
[6, 9, 16];[3, 12, 13];1;33.3%
[6, 13, 9];[3, 12, 16];1;25.0%
[12, 6, 9];[3, 13, 16];1;20.0%
[13, 16, 3];[6, 9, 12];1;100.0%
[12, 16, 3];[6, 9, 13];1;50.0%
[12, 13, 3];[6, 9, 16];1;33.3%
[9, 16, 3];[6, 12, 13];1;50.0%
[13, 9, 3];[6, 12, 16];1;33.3%
[12, 9, 3];[6, 13, 16];1;25.0%
[6, 16, 3];[9, 12, 13];1;50.0%
[6, 13, 3];[9, 12, 16];1;33.3%
[12, 6, 3];[9, 13, 16];1;25.0%
[6, 9, 3];[12, 13, 16];1;25.0%
[13, 16];[3, 6, 9, 12];1;33.3%
[12, 16];[3, 6, 9, 13];1;25.0%
[12, 13];[3, 6, 9, 16];1;20.0%
[9, 16];[3, 6, 12, 13];1;33.3%
[13, 9];[3, 6, 12, 16];1;25.0%
[12, 9];[3, 6, 13, 16];1;16.7%
[6, 16];[3, 9, 12, 13];1;25.0%
[6, 13];[3, 9, 12, 16];1;14.3%
[12, 6];[3, 9, 13, 16];1;14.3%
[6, 9];[3, 12, 13, 16];1;20.0%
[16, 3];[6, 9, 12, 13];1;50.0%
[13, 3];[6, 9, 12, 16];1;33.3%
[12, 3];[6, 9, 13, 16];1;25.0%
[9, 3];[6, 12, 13, 16];1;25.0%
[6, 3];[9, 12, 13, 16];1;25.0%
[16];[3, 6, 9, 12, 13];1;20.0%
[13];[3, 6, 9, 12, 16];1;11.1%
[12];[3, 6, 9, 13, 16];1;10.0%
[9];[3, 6, 12, 13, 16];1;16.7%
[6];[3, 9, 12, 13, 16];1;11.1%
[3];[6, 9, 12, 13, 16];1;25.0%
[12, 6, 13, 9, 17];[3];1;100.0%
[12, 13, 9, 17, 3];[6];1;100.0%
[12, 6, 13, 17, 3];[9];1;100.0%
[6, 13, 9, 17, 3];[12];1;100.0%
[12, 6, 9, 17, 3];[13];1;100.0%
[12, 6, 13, 9, 3];[17];1;33.3%
[12, 13, 9, 17];[3, 6];1;100.0%
[12, 6, 13, 17];[3, 9];1;100.0%
[6, 13, 9, 17];[3, 12];1;100.0%
[12, 6, 9, 17];[3, 13];1;100.0%
[12, 6, 13, 9];[3, 17];1;25.0%
[12, 13, 17, 3];[6, 9];1;100.0%
[13, 9, 17, 3];[6, 12];1;100.0%
[12, 9, 17, 3];[6, 13];1;100.0%
[12, 13, 9, 3];[6, 17];1;33.3%
[6, 13, 17, 3];[9, 12];1;100.0%
[12, 6, 17, 3];[9, 13];1;100.0%
[12, 6, 13, 3];[9, 17];1;33.3%
[6, 9, 17, 3];[12, 13];1;100.0%
[6, 13, 9, 3];[12, 17];1;33.3%
[12, 6, 9, 3];[13, 17];1;25.0%
[12, 13, 17];[3, 6, 9];1;100.0%
[13, 9, 17];[3, 6, 12];1;100.0%
[12, 9, 17];[3, 6, 13];1;50.0%
[12, 13, 9];[3, 6, 17];1;25.0%
[6, 13, 17];[3, 9, 12];1;100.0%
[12, 6, 17];[3, 9, 13];1;100.0%
[12, 6, 13];[3, 9, 17];1;20.0%
[6, 9, 17];[3, 12, 13];1;100.0%
[6, 13, 9];[3, 12, 17];1;25.0%
[12, 6, 9];[3, 13, 17];1;20.0%
[13, 17, 3];[6, 9, 12];1;100.0%
[12, 17, 3];[6, 9, 13];1;100.0%
[12, 13, 3];[6, 9, 17];1;33.3%
[9, 17, 3];[6, 12, 13];1;100.0%
[13, 9, 3];[6, 12, 17];1;33.3%
[12, 9, 3];[6, 13, 17];1;25.0%
[6, 17, 3];[9, 12, 13];1;100.0%
[6, 13, 3];[9, 12, 17];1;33.3%
[12, 6, 3];[9, 13, 17];1;25.0%
[6, 9, 3];[12, 13, 17];1;25.0%
[13, 17];[3, 6, 9, 12];1;50.0%
[12, 17];[3, 6, 9, 13];1;33.3%
[12, 13];[3, 6, 9, 17];1;20.0%
[9, 17];[3, 6, 12, 13];1;50.0%
[13, 9];[3, 6, 12, 17];1;25.0%
[12, 9];[3, 6, 13, 17];1;16.7%
[6, 17];[3, 9, 12, 13];1;100.0%
[6, 13];[3, 9, 12, 17];1;14.3%
[12, 6];[3, 9, 13, 17];1;14.3%
[6, 9];[3, 12, 13, 17];1;20.0%
[17, 3];[6, 9, 12, 13];1;100.0%
[13, 3];[6, 9, 12, 17];1;33.3%
[12, 3];[6, 9, 13, 17];1;25.0%
[9, 3];[6, 12, 13, 17];1;25.0%
[6, 3];[9, 12, 13, 17];1;25.0%
[17];[3, 6, 9, 12, 13];1;20.0%
[13];[3, 6, 9, 12, 17];1;11.1%
[12];[3, 6, 9, 13, 17];1;10.0%
[9];[3, 6, 12, 13, 17];1;16.7%
[6];[3, 9, 12, 13, 17];1;11.1%
[3];[6, 9, 12, 13, 17];1;25.0%
[12, 6, 13, 9, 18];[3];1;100.0%
[12, 13, 9, 18, 3];[6];1;100.0%
[12, 6, 13, 18, 3];[9];1;100.0%
[6, 13, 9, 18, 3];[12];1;100.0%
[12, 6, 9, 18, 3];[13];1;100.0%
[12, 6, 13, 9, 3];[18];1;33.3%
[12, 13, 9, 18];[3, 6];1;100.0%
[12, 6, 13, 18];[3, 9];1;50.0%
[6, 13, 9, 18];[3, 12];1;100.0%
[12, 6, 9, 18];[3, 13];1;100.0%
[12, 6, 13, 9];[3, 18];1;25.0%
[12, 13, 18, 3];[6, 9];1;100.0%
[13, 9, 18, 3];[6, 12];1;100.0%
[12, 9, 18, 3];[6, 13];1;100.0%
[12, 13, 9, 3];[6, 18];1;33.3%
[6, 13, 18, 3];[9, 12];1;100.0%
[12, 6, 18, 3];[9, 13];1;100.0%
[12, 6, 13, 3];[9, 18];1;33.3%
[6, 9, 18, 3];[12, 13];1;100.0%
[6, 13, 9, 3];[12, 18];1;33.3%
[12, 6, 9, 3];[13, 18];1;25.0%
[12, 13, 18];[3, 6, 9];1;50.0%
[13, 9, 18];[3, 6, 12];1;100.0%
[12, 9, 18];[3, 6, 13];1;100.0%
[12, 13, 9];[3, 6, 18];1;25.0%
[6, 13, 18];[3, 9, 12];1;33.3%
[12, 6, 18];[3, 9, 13];1;33.3%
[12, 6, 13];[3, 9, 18];1;20.0%
[6, 9, 18];[3, 12, 13];1;100.0%
[6, 13, 9];[3, 12, 18];1;25.0%
[12, 6, 9];[3, 13, 18];1;20.0%
[13, 18, 3];[6, 9, 12];1;100.0%
[12, 18, 3];[6, 9, 13];1;100.0%
[12, 13, 3];[6, 9, 18];1;33.3%
[9, 18, 3];[6, 12, 13];1;100.0%
[13, 9, 3];[6, 12, 18];1;33.3%
[12, 9, 3];[6, 13, 18];1;25.0%
[6, 18, 3];[9, 12, 13];1;100.0%
[6, 13, 3];[9, 12, 18];1;33.3%
[12, 6, 3];[9, 13, 18];1;25.0%
[6, 9, 3];[12, 13, 18];1;25.0%
[13, 18];[3, 6, 9, 12];1;25.0%
[12, 18];[3, 6, 9, 13];1;33.3%
[12, 13];[3, 6, 9, 18];1;20.0%
[9, 18];[3, 6, 12, 13];1;100.0%
[13, 9];[3, 6, 12, 18];1;25.0%
[12, 9];[3, 6, 13, 18];1;16.7%
[6, 18];[3, 9, 12, 13];1;25.0%
[6, 13];[3, 9, 12, 18];1;14.3%
[12, 6];[3, 9, 13, 18];1;14.3%
[6, 9];[3, 12, 13, 18];1;20.0%
[18, 3];[6, 9, 12, 13];1;100.0%
[13, 3];[6, 9, 12, 18];1;33.3%
[12, 3];[6, 9, 13, 18];1;25.0%
[9, 3];[6, 12, 13, 18];1;25.0%
[6, 3];[9, 12, 13, 18];1;25.0%
[18];[3, 6, 9, 12, 13];1;20.0%
[13];[3, 6, 9, 12, 18];1;11.1%
[12];[3, 6, 9, 13, 18];1;10.0%
[9];[3, 6, 12, 13, 18];1;16.7%
[6];[3, 9, 12, 13, 18];1;11.1%
[3];[6, 9, 12, 13, 18];1;25.0%
[12, 6, 9, 16, 15];[3];1;100.0%
[12, 9, 16, 3, 15];[6];1;100.0%
[12, 6, 16, 3, 15];[9];1;100.0%
[6, 9, 16, 3, 15];[12];1;100.0%
[12, 6, 9, 16, 3];[15];1;50.0%
[12, 6, 9, 3, 15];[16];1;100.0%
[12, 9, 16, 15];[3, 6];1;100.0%
[12, 6, 16, 15];[3, 9];1;100.0%
[6, 9, 16, 15];[3, 12];1;100.0%
[12, 6, 9, 16];[3, 15];1;33.3%
[12, 6, 9, 15];[3, 16];1;100.0%
[12, 16, 3, 15];[6, 9];1;100.0%
[9, 16, 3, 15];[6, 12];1;100.0%
[12, 9, 16, 3];[6, 15];1;50.0%
[12, 9, 3, 15];[6, 16];1;100.0%
[6, 16, 3, 15];[9, 12];1;100.0%
[12, 6, 16, 3];[9, 15];1;50.0%
[12, 6, 3, 15];[9, 16];1;100.0%
[6, 9, 16, 3];[12, 15];1;50.0%
[6, 9, 3, 15];[12, 16];1;100.0%
[12, 6, 9, 3];[15, 16];1;25.0%
[12, 16, 15];[3, 6, 9];1;50.0%
[9, 16, 15];[3, 6, 12];1;100.0%
[12, 9, 16];[3, 6, 15];1;33.3%
[12, 9, 15];[3, 6, 16];1;100.0%
[6, 16, 15];[3, 9, 12];1;100.0%
[12, 6, 16];[3, 9, 15];1;33.3%
[12, 6, 15];[3, 9, 16];1;100.0%
[6, 9, 16];[3, 12, 15];1;33.3%
[6, 9, 15];[3, 12, 16];1;100.0%
[12, 6, 9];[3, 15, 16];1;20.0%
[16, 3, 15];[6, 9, 12];1;100.0%
[12, 16, 3];[6, 9, 15];1;50.0%
[12, 3, 15];[6, 9, 16];1;100.0%
[9, 16, 3];[6, 12, 15];1;50.0%
[9, 3, 15];[6, 12, 16];1;100.0%
[12, 9, 3];[6, 15, 16];1;25.0%
[6, 16, 3];[9, 12, 15];1;50.0%
[6, 3, 15];[9, 12, 16];1;100.0%
[12, 6, 3];[9, 15, 16];1;25.0%
[6, 9, 3];[12, 15, 16];1;25.0%
[16, 15];[3, 6, 9, 12];1;50.0%
[12, 16];[3, 6, 9, 15];1;25.0%
[12, 15];[3, 6, 9, 16];1;50.0%
[9, 16];[3, 6, 12, 15];1;33.3%
[9, 15];[3, 6, 12, 16];1;100.0%
[12, 9];[3, 6, 15, 16];1;16.7%
[6, 16];[3, 9, 12, 15];1;25.0%
[6, 15];[3, 9, 12, 16];1;100.0%
[12, 6];[3, 9, 15, 16];1;14.3%
[6, 9];[3, 12, 15, 16];1;20.0%
[16, 3];[6, 9, 12, 15];1;50.0%
[3, 15];[6, 9, 12, 16];1;100.0%
[12, 3];[6, 9, 15, 16];1;25.0%
[9, 3];[6, 12, 15, 16];1;25.0%
[6, 3];[9, 12, 15, 16];1;25.0%
[16];[3, 6, 9, 12, 15];1;20.0%
[15];[3, 6, 9, 12, 16];1;33.3%
[12];[3, 6, 9, 15, 16];1;10.0%
[9];[3, 6, 12, 15, 16];1;16.7%
[6];[3, 9, 12, 15, 16];1;11.1%
[3];[6, 9, 12, 15, 16];1;25.0%
